<?xml version="1.0" encoding="UTF-8"?>
<configuration scan="true" scanPeriod="180 seconds">
 <contextName>OrderCollectionServices</contextName>
	
	<property name="app.name" value="vzw-order-collection-service" />
	<property name="pattern.default" value="%d ${PID} %-5level [%thread] %logger{35} [%file:%line] --- %msg %n" />
	<property name="pcwireless.log.location" value="/apps/opt/fuze/logs" />

	<!-- <appender name="consoleAppender" class="ch.qos.logback.core.ConsoleAppender">
		<encoder>
			<Pattern>${pattern.default}</Pattern>
		</encoder>
		<filter class="ch.qos.logback.classic.filter.ThresholdFilter">
			<level>TRACE</level>
		</filter>
	</appender>  -->

 	<appender name="MAIN"
		class="ch.qos.logback.core.rolling.RollingFileAppender">
		<File>${pcwireless.log.location}/${app.name}.log</File>
		<rollingPolicy class="ch.qos.logback.core.rolling.TimeBasedRollingPolicy">
			<FileNamePattern>${pcwireless.log.location}/${app.name}.%d{yyyy-MM-dd}.log</FileNamePattern>
			<maxHistory>10</maxHistory>
		</rollingPolicy>
		<encoder>
			<Pattern>${pattern.default}</Pattern>
		</encoder>
	</appender>

	<!-- <appender name="MAIN_JSON"
		class="ch.qos.logback.core.rolling.RollingFileAppender">
		<File>${pcwireless.log.location}/${app.name}.json.log</File>
		<rollingPolicy class="ch.qos.logback.core.rolling.TimeBasedRollingPolicy">
			<FileNamePattern>${pcwireless.log.location}/${app.name}.%d{yyyy-MM-dd}.json.log</FileNamePattern>
			<maxHistory>1</maxHistory>
		</rollingPolicy>
	
		
		 <encoder> 
              <includeCallerInfo>true</includeCallerInfo>
  		     <Pattern>${pattern.default}</Pattern>
            <customFields>{"hostname":"${HOSTNAME}", "appname":"${app.name}", "PID":"${PID}"}</customFields> 
          </encoder> 
		
	</appender>  -->

<!--     <logger name="com.vz.pc.wireless.transport.ordercollection"
              additivity="false">
              <level value="DEBUG" />
              <appender-ref ref="MAIN" />
 		      <appender-ref ref="MAIN_JSON" /> 
		      <appender-ref ref="consoleAppender" />
       </logger> -->

    <springProfile name="development,uat">
        <logger name="com.vz.pc.wireless.transport.ordercollection" level="DEBUG" additivity="false">
              <appender-ref ref="MAIN" />
 		      <!--<appender-ref ref="MAIN_JSON" />   -->
		      <!--<appender-ref ref="consoleAppender" />  -->
        </logger>
    </springProfile>
    <springProfile name="production">
        <logger name="com.vz.pc.wireless.transport.ordercollection" level="WARN" additivity="false">
              <appender-ref ref="MAIN" />
 		      <!--<appender-ref ref="MAIN_JSON" />   -->
		      <!--<appender-ref ref="consoleAppender" />  -->
        </logger>
    </springProfile>

	<root>
		<level value="INFO" />
		<!--<appender-ref ref="consoleAppender" />  -->
 		<appender-ref ref="MAIN" />
 		<!--<appender-ref ref="MAIN_JSON" />  -->
	</root>
</configuration>